respondent_id,Age,Gender
0,56,Male
1,46,Male
2,32,Female
3,25,Female
4,38,Female
5,56,Female
6,36,Male
7,40,Male
8,28,Female
9,28,Male
10,41,Male
11,53,Male
12,57,Male
13,41,Male
14,20,Male
15,39,Male
16,19,Male
17,41,Female
18,47,Female
19,55,Female
20,19,Female
21,38,Female
22,50,Male
23,29,Female
24,39,Female
25,42,Female
26,44,Male
27,59,Male
28,45,Male
29,33,Male
30,32,Female
31,20,Female
32,54,Male
33,24,Other
34,38,Female
35,26,Male
36,56,Male
37,35,Male
38,21,Male
39,42,Male
40,31,Male
41,26,Male
42,43,Male
43,19,Female
44,37,Male
45,45,Female
46,24,Male
47,25,Other
48,52,Male
49,31,Male
50,34,Other
51,53,Female
52,57,Female
53,21,Male
54,19,Male
55,23,Female
56,59,Female
57,21,Female
58,46,Female
59,35,Male
60,43,Female
61,51,Male
62,27,Male
63,53,Male
64,31,Female
65,48,Male
66,32,Male
67,25,Female
68,31,Male
69,40,Female
70,57,Male
71,38,Female
72,33,Female
73,35,Male
74,41,Male
75,43,Male
76,42,Male
77,58,Other
78,46,Male
79,32,Female
80,18,Male
81,42,Female
82,24,Female
83,26,Female
84,41,Male
85,18,Male
86,25,Male
87,41,Female
88,28,Female
89,34,Other
90,25,Male
91,52,Female
92,52,Female
93,50,Male
94,22,Male
95,59,Female
96,56,Female
97,58,Female
98,45,Male
99,24,Female
100,26,Male
101,25,Male
102,29,Male
103,51,Female
104,50,Female
105,40,Female
106,41,Male
107,54,Female
108,52,Male
109,57,Female
110,39,Male
111,44,Male
112,52,Male
113,18,Male
114,52,Female
115,54,Female
116,31,Male
117,20,Female
118,18,Male
119,22,Female
120,43,Female
121,31,Female
122,56,Male
123,44,Female
124,26,Female
125,32,Male
126,32,Male
127,43,Female
128,59,Female
129,30,Female
130,49,Female
131,56,Female
132,49,Male
133,21,Male
134,47,Male
135,54,Female
136,40,Male
137,56,Female
138,32,Female
139,46,Female
140,53,Male
141,30,Female
142,49,Male
143,24,Female
144,39,Male
145,45,Male
146,19,Female
147,59,Male
148,23,Male
149,45,Female
150,45,Female
151,37,Female
152,47,Female
153,28,Female
154,45,Male
155,42,Male
156,56,Male
157,50,Female
158,18,Female
159,44,Male
160,30,Male
161,58,Female
162,20,Male
163,56,Female
164,23,Female
165,25,Female
166,44,Male
167,26,Female
168,54,Female
169,50,Female
170,59,Female
171,41,Female
172,32,Female
173,49,Male
174,49,Female
175,41,Female
176,58,Male
177,29,Female
178,56,Female
179,19,Female
180,20,Male
181,54,Male
182,34,Other
183,19,Female
184,19,Male
185,45,Female
186,40,Female
187,54,Female
188,49,Female
189,50,Male
190,18,Male
191,36,Male
192,19,Female
193,43,Male
194,49,Male
195,23,Male
196,49,Female
197,21,Female
198,28,Male
199,34,Male
200,55,Female
201,41,Male
202,22,Male
203,51,Male
204,23,Male
205,39,Male
206,28,Female
207,33,Male
208,50,Female
209,26,Male
210,23,Female
211,33,Female
212,46,Male
213,20,Female
214,37,Male
215,53,Other
216,36,Male
217,43,Male
218,20,Male
219,36,Other
220,37,Female
221,49,Female
222,24,Male
223,58,Female
224,50,Male
225,57,Female
226,56,Male
227,35,Male
228,57,Male
229,18,Male
230,28,Female
231,45,Male
232,42,Female
233,40,Male
234,48,Female
235,47,Male
236,59,Male
237,52,Female
238,24,Male
239,33,Male
240,43,Female
241,19,Female
242,18,Male
243,29,Male
244,22,Female
245,54,Male
246,49,Male
247,26,Male
248,58,Female
249,52,Female
250,36,Male
251,33,Male
252,20,Male
253,37,Female
254,41,Male
255,50,Male
256,41,Female
257,28,Male
258,25,Female
259,53,Male
260,55,Male
261,57,Male
262,37,Female
263,52,Female
264,42,Female
265,52,Male
266,42,Female
267,46,Male
268,35,Male
269,35,Female
270,19,Male
271,52,Male
272,33,Male
273,58,Male
274,53,Male
275,50,Female
276,21,Male
277,50,Female
278,31,Female
279,38,Male
280,37,Male
281,25,Male
282,24,Female
283,20,Male
284,34,Female
285,50,Male
286,29,Female
287,39,Male
288,39,Male
289,47,Female
290,55,Female
291,55,Male
292,25,Female
293,44,Female
294,44,Female
295,51,Female
296,38,Male
297,47,Male
298,50,Male
299,45,Female
300,50,Female
301,22,Male
302,36,Male
303,21,Female
304,52,Other
305,34,Female
306,45,Male
307,47,Male
308,46,Male
309,23,Female
310,52,Male
311,58,Female
312,54,Male
313,41,Female
314,46,Female
315,48,Female
316,52,Male
317,50,Male
318,38,Male
319,49,Female
320,40,Female
321,50,Female
322,20,Female
323,35,Female
324,42,Male
325,59,Female
326,48,Male
327,20,Male
328,57,Female
329,41,Male
330,49,Male
331,39,Female
332,40,Male
333,19,Female
334,44,Male
335,59,Male
336,19,Male
337,43,Male
338,34,Female
339,57,Male
340,50,Female
341,26,Male
342,56,Female
343,46,Female
344,59,Female
345,43,Male
346,52,Male
347,42,Male
348,41,Female
349,30,Male
350,24,Female
351,53,Female
352,37,Male
353,18,Female
354,25,Male
355,33,Male
356,31,Female
357,29,Female
358,40,Female
359,32,Male
360,45,Male
361,51,Female
362,19,Female
363,49,Female
364,40,Male
365,39,Female
366,42,Male
367,39,Male
368,39,Female
369,59,Male
370,23,Female
371,32,Male
372,54,Male
373,50,Female
374,25,Female
375,22,Female
376,56,Female
377,21,Female
378,23,Female
379,49,Female
380,47,Male
381,52,Female
382,57,Male
383,33,Other
384,30,Female
385,59,Male
386,47,Female
387,36,Female
388,34,Male
389,36,Female
390,45,Female
391,43,Male
392,54,Female
393,43,Male
394,40,Female
395,26,Other
396,29,Female
397,18,Male
398,18,Female
399,51,Female
400,49,Male
401,42,Female
402,57,Male
403,18,Female
404,33,Male
405,56,Male
406,22,Male
407,39,Female
408,46,Male
409,20,Female
410,29,Male
411,43,Male
412,33,Female
413,54,Female
414,39,Male
415,46,Female
416,31,Female
417,45,Female
418,22,Male
419,47,Male
420,22,Female
421,29,Male
422,33,Female
423,43,Female
424,43,Female
425,38,Female
426,56,Other
427,53,Male
428,50,Female
429,47,Male
430,54,Male
431,40,Female
432,27,Female
433,22,Other
434,53,Female
435,51,Male
436,48,Male
437,27,Female
438,36,Male
439,49,Male
440,18,Male
441,22,Male
442,21,Male
443,33,Male
444,41,Male
445,33,Male
446,19,Other
447,45,Male
448,49,Male
449,44,Female
450,37,Male
451,41,Female
452,29,Female
453,52,Male
454,50,Male
455,50,Female
456,54,Female
457,29,Male
458,20,Female
459,18,Male
460,50,Other
461,57,Male
462,27,Female
463,46,Female
464,30,Female
465,29,Female
466,48,Male
467,19,Male
468,52,Male
469,40,Male
470,34,Female
471,43,Male
472,25,Male
473,46,Other
474,43,Female
475,27,Female
476,43,Other
477,51,Male
478,58,Male
479,24,Female
480,21,Female
481,28,Male
482,46,Female
483,53,Male
484,42,Male
485,38,Female
486,53,Female
487,27,Female
488,54,Male
489,26,Female
490,41,Male
491,52,Male
492,52,Female
493,53,Female
494,35,Female
495,56,Female
496,49,Female
497,41,Female
498,40,Male
499,49,Male
500,54,Male
501,29,Male
502,30,Female
503,40,Female
504,42,Male
505,52,Male
506,58,Female
507,47,Male
508,34,Female
509,37,Female
510,42,Female
511,39,Female
512,30,Female
513,36,Male
514,53,Female
515,29,Female
516,58,Male
517,36,Female
518,29,Female
519,26,Female
520,24,Female
521,45,Female
522,31,Female
523,48,Female
524,36,Female
525,33,Female
526,22,Female
527,52,Female
528,29,Male
529,42,Female
530,38,Female
531,53,Male
532,40,Female
533,33,Male
534,56,Male
535,59,Female
536,56,Male
537,31,Female
538,48,Female
539,22,Female
540,52,Male
541,40,Male
542,46,Female
543,28,Other
544,35,Female
545,29,Male
546,26,Female
547,27,Female
548,34,Female
549,55,Male
550,24,Female
551,30,Female
552,57,Other
553,59,Male
554,26,Female
555,44,Female
556,19,Male
557,22,Female
558,46,Female
559,54,Male
560,55,Male
561,36,Female
562,25,Male
563,18,Female
564,39,Male
565,34,Female
566,24,Male
567,42,Female
568,21,Other
569,53,Other
570,23,Female
571,48,Male
572,36,Female
573,56,Male
574,44,Male
575,27,Male
576,43,Female
577,36,Female
578,56,Female
579,20,Male
580,30,Male
581,45,Other
582,37,Male
583,45,Male
584,25,Male
585,58,Female
586,56,Female
587,18,Male
588,20,Male
589,30,Female
590,45,Female
591,42,Male
592,50,Female
593,55,Male
594,23,Male
595,49,Female
596,38,Male
597,33,Female
598,38,Male
599,28,Male
600,54,Other
601,53,Male
602,52,Female
603,36,Male
604,37,Male
605,35,Male
606,58,Female
607,31,Male
608,32,Female
609,48,Male
610,18,Other
611,20,Male
612,33,Female
613,40,Female
614,28,Female
615,29,Female
616,27,Female
617,49,Female
618,33,Male
619,25,Male
620,55,Female
621,29,Female
622,41,Female
623,45,Female
624,25,Male
625,45,Male
626,53,Female
627,43,Male
628,25,Male
629,45,Female
630,45,Male
631,54,Female
632,58,Male
633,53,Female
634,44,Male
635,34,Male
636,26,Male
637,50,Male
638,37,Male
639,30,Male
640,45,Female
641,46,Male
642,30,Female
643,52,Female
644,23,Female
645,35,Male
646,22,Female
647,42,Male
648,19,Male
649,27,Other
650,47,Male
651,22,Female
652,50,Female
653,18,Female
654,35,Female
655,49,Male
656,28,Male
657,38,Female
658,43,Male
659,42,Male
660,39,Male
661,44,Male
662,30,Male
663,50,Male
664,51,Female
665,58,Female
666,52,Female
667,18,Male
668,38,Male
669,23,Male
670,45,Female
671,34,Female
672,22,Male
673,48,Female
674,22,Male
675,55,Female
676,20,Female
677,40,Female
678,54,Female
679,54,Female
680,27,Male
681,27,Female
682,36,Male
683,34,Female
684,38,Female
685,31,Female
686,26,Male
687,18,Female
688,30,Female
689,21,Female
690,18,Male
691,57,Male
692,49,Male
693,51,Male
694,45,Female
695,48,Male
696,25,Other
697,56,Male
698,43,Male
699,51,Female
700,20,Female
701,29,Female
702,18,Female
703,22,Female
704,47,Male
705,47,Other
706,34,Other
707,40,Female
708,32,Male
709,54,Female
710,38,Male
711,31,Male
712,19,Male
713,28,Male
714,56,Female
715,55,Female
716,51,Female
717,55,Male
718,51,Male
719,35,Male
720,47,Other
721,32,Male
722,44,Female
723,51,Female
724,55,Male
725,50,Female
726,41,Female
727,32,Female
728,47,Female
729,59,Male
730,34,Male
731,22,Female
732,46,Female
733,21,Male
734,27,Female
735,34,Female
736,27,Female
737,34,Male
738,37,Female
739,41,Female
740,22,Male
741,51,Male
742,23,Other
743,19,Male
744,30,Female
745,28,Female
746,40,Male
747,33,Female
748,48,Male
749,28,Female
750,33,Male
751,25,Female
752,21,Male
753,57,Male
754,21,Other
755,42,Male
756,20,Female
757,49,Male
758,20,Female
759,44,Male
760,46,Other
761,49,Male
762,36,Male
763,38,Male
764,22,Male
765,35,Female
766,45,Male
767,59,Female
768,39,Male
769,38,Male
770,23,Female
771,18,Female
772,22,Male
773,58,Male
774,29,Male
775,43,Female
776,51,Female
777,31,Male
778,43,Female
779,44,Female
780,26,Female
781,43,Female
782,39,Male
783,47,Male
784,34,Male
785,43,Male
786,53,Female
787,18,Female
788,25,Male
789,52,Male
790,32,Male
791,39,Female
792,31,Male
793,43,Female
794,45,Male
795,40,Male
796,31,Other
797,41,Other
798,19,Male
799,43,Female
